Name,Gender,Field,Occupation,Age,Openness,Extraversion,Agreeableness,Conscientiousness,Neuroticism,Interface_1,Interface_2,Interface_3,Interface_4,Interface_5,Interface_6,Interface_7,Interface_8,Interface_9,Interface_10,Interface_11,Interface_12,Interface_13,Interface_14,Interface_15,Interface_16,Interface_17,Interface_18,Interface_19,Test_Score,Top_1,Top_2,Top_3
Yehia Abdallah,Male,Automatic Engineering,Senior Student,21,5,4,4,1,4,6,5,6,8,7,4,8,6,2,9,6,8,7,2,1,7,6,8,7,Blue,10,4,7
Maryam Walid,Female,CS,Student,20,4,3,5,5,1,6,5.5,5,6,6.5,5,7,5,4,5.5,6,6.5,7.5,7,7,8,7.5,6.5,9,Blue,19,16,13
Jouanna Tadros,Female,CS,Student,21,3,2,4,3,2,7,8,6,3,9,7,8,3,3,6,9,8,6,7,8,9,8,,,Orange,5,11,16
Hala Hazem,Female,Engineering,Senior Student,20,4,4,3,3,3,6,4,7,6,5,7.5,8,3,3,9,5,5,5,7,6,6,8,9,4,Gold,10,18,7
Mazen Farouk,Male,Engineering,Student,21,4,3,2,4,2,8,6,5,9,7,8,8,8,8,9,9,8,10,10,9,9,10,9,8,Orange,13,14,17
Farida Abou ward,Female,CS,Student,19,4.5,5,4.5,5,4,7,7,6,6,7,5,8,4,5,6,7,6,6,5,4,8,8,6,8,Gold,7,16,17
Eman nadel,Female,Interpretatiin and written Translation,Senior Student,21,3,4,3,1,5,4,3,3,5,7,7,6,4,5,10,8,4,3,4,4,7,9,5,10,Gold,10,19,17
Youssef Yasser,Male,Petroleum Geophysics,Petroleum Geophysicist,23,4,1,1,4,1,7,5,5,6,4,6,6,3,1,10,7,3,6,7,4,7,8,4,6,Green,10,17,1
Mohamed Abu bakr,Male,CS,Senior Student,21,4,3,3,4,3,5,4,4,3,8,7,7,8,8,9,8,4,9,7,7,9,9,1,6,Orange,10,16,17
Hashim Khaled,Male,Interpretatiin and written Translation,Senior Student,21,3,4,3,1,4,8,7,7,6,6,4,7,7,6,9,8,6,8,6,7,9,7,6,8,Gold,10,16,1
Kareem Mohamed,Male,Electronic and Communication Engineer,DVB Engineer,26,4,3,5,2,3,8,6,7,4,8,4,7,2,5,9,4,3,6,4,5,8,8,4,6,Gold,10,1,5
Rawan Abdrabou ,Female,CS,Student,21,5,5,4,1,4,8,7,5,9,10,2,6,1,1,9,6,7,3,4,5,7,9,4,2,Blue,5,10,17
Karim Elkashif,Male,CS,Senior Student,24,3,1,5,1,2.5,7,4,6,5,3,3,3,3,3,7,5,2,5,7,6,3,8,6,7,Orange,17,1,10
Sohile Arafa ,Female,CS,Senior Student,21,3,5,4,4,5,8,8,8,9,5,3,7,1,6,10,10,8,10,9,6,7,10,9,4,Gold,10,11,13
Youssef Mohamed,Male,Veterinary Medicine,Student,19,4,4,2,4,3,8,9,9,9,7,6,10,8,4,10,10,7,9,10,8,7,10,9,8,Orange,7,10,11
Salma Ahmed,Female,Applied Arts,Student,21,4,2,2,3,1,8,6,6.5,7,6.5,5,7,3,1,8,8.5,6,4,7,7.5,4,8.5,8,7,Orange,11,17,1
Abdelraouf Khorshed,Male,CS,Student ,19,5,3,4,2,1,4,4,5,3,5,6,7,6,2,8,7,3,5,7,6,6,7,,,Blue,10,7,11
Omar Mohamed,Male,CS,Student,21,4,2,3,1,4,6,8,7,6,6,6,6,7,6,8,6.5,5,7,7,6,7.5,7,6,6.5,Green,2,10,16
Mawauda Mohamed ,Female,Language and Translation,Student,18,3,2,4,1,2,6,6,6,6,6,3,8,1,1,7,6,6,6,7,7,6,6,6,3,Gold,7,10,14
Shahd Khattab,Female,CS,Student,19,4,2,3,3,5,10,10,10,6,10,3,3,2,2,10,6,8,5,6,8,7,10,,,Gold,1,2,3
Heba Mostafa,Female,Law,Senior Student,21,2,5,3,1,5,10,8,8,9,7,8,7,6,6,8,7,8,7,7,7,9,7,8,7,Blue,1,4,16
Dina Khaled,Female,Business,Senior Student,22,4,4,3,4,3,6,5,4,4,6,6,7,3,3,7,7,3,8,7,5,6,4,1,5,Orange,13,7,10
Nouran khaled,Female,CS,Senior Student,21,3,2,4,5,4,6,6,5,5,6,4,7,6,6,8,6,7,8,7,7,7,6,7,5,Green,10,7,13
Sanaa Ahmed,Female,Art Sociology,Social Worker,57,4,5,4,5,3,8,8,7,8,6,5,7,5,6,9,7,5,7,8,9,8,9,9,8,Blue,10,15,17
Aliaa Adel,Female,Business,Teaching Assistant,25,5,3,4,4,5,5,2,2,7,9,9,8,6,5,9.5,9,8,9,9.5,7,9,10,8,9,Orange,17,10,14
Abdallah Ahmed,Male,Engineering,Student,19,3,5,2,1,2,4,5,5,3.5,5,2,5,2,2.5,6,2.5,2,2.5,2,3.5,8,7.5,2,3,Orange,16,17,10
Danya Danish ,Female,CS,Student,19,5,1,5,3,1,7,6,6,5,6,7,6.5,5,5.5,9,9,7,8,6,7,9,9.5,5,6,Green,17,10,11
Rita Elias,Female,CS,Senior Student,22,5,4,3.5,5,4,7,7,6,6,8,5,7,4,3,9,8,3,7,9,8,8,9,5,5,Orange,10,14,17
Omar Mohamed,Male,CS,Student,21,4,2,3,1,4,6,8,7,6,6,6,6,7,6,8,6.5,5,7,7,6,7.5,7,6,6.5,Orange,2,10,16
Mariam Reda,Female,CS,Student,20,4,2,3,3.5,5,9.5,8.5,8,9.5,9,8,8.5,5,5,9,8.5,7.5,8,8.5,10,7,9,7,8,Orange,15,1,4
Clara Amir,Female,CS,Student,18,5,1,3,2,5,8,2,8,3,5,3,5,2,2,9,9,8,10,2,3,9,10,3,5,Blue,13,17,10
Khaled Radwan,Male,Robatics Engineering,Senior Student,21,5,5,3,2,3,3,4,2,6,4,6,5,6,6,8,7,5,9,1,1,8,5,5,5,Orange,13,10,16
Zayad Ganana,Male,Robatics Engineering,Senior Student,21,3,4,4,1,4,8,7,8,2,7,7,7,6,5,8,8,6,3,4,7,5,9,1,6,Orange,17,1,3
Mohamed Ali,Male,Mass Communication,Journalist,52,4,3,3,5,3,7,6,5,7.5,6,7.5,8,6,5,6,6,8,8,8,8,7,7,7,6,Gold,7,12,13
Nadine Nashat,Female,CS,Student,19,2,1,3,3,5,8,4,5,4,5,2,2,2,2,8,8,3,3,3,3,4,3,2,2,Green,1,10,11
Mohamed Rashed,Male,Robotics Engineering,Senior Student,21,5,3,4,3,3,7,7,6,6,6,6,8,7,7,10,6.5,6,8,7,6.5,5,8,7,7,Orange,10,7,13
Sara Amir,Female,Pharmaceutical Engineering,Student,20,4,3,4,5,2,5.5,4.2,3.9,5.8,7,2.9,6.5,6.9,7.5,10,1,2.2,2.3,1,1.5,1,1.8,6.1,7.2,Green,10,9,19
Yehia Abdallah,Male,Automatic Engineering,Senior Student,21,5,4,4,1,4,6,5,6,8,7,4,8,6,2,9,6,8,7,2,1,7,6,8,7,Green,10,4,7
Habiba Diaa,Female,Mass Communication,Senior Student,21,4,2,3,1,4,10,5,8,7,8,7,7,6,6,9,10,9,5,7,6,7,8,8,7,Orange,1,11,10
Khaled Khatteb,Male,Business,Software developer,23,3,3,4,2,3,6,5,4,7,8,8,8,7.5,8,9,7,5,7,7,6,8,9,6,7,Blue,10,17,5
Jana Elkasaby,Female,CS,Student,20,5,3.5,3,5,4,8,7,5,5,8,1,4.5,1,5,10,7,3,8,4,2,5,8,4,1,Orange,10,1,5
Dima Shaheen,Female,CS,Senior Student,21,4,4,3,1.5,4,5,3,5,7,7,3,5,2,1,7,8,2,9,8,8,7,5,7,6,Gold,13,11,14
Youssef Amir ,Male,CS,Senior Student,21,5,4,5,2,4,3,2,4,4,5,3,7,4,5,8,4,5,3,5,4,7,6,3,5,Gold,10,7,16
Shahenda Magdy,Female,CS,Senior Student,21,4,2,4,2,5,6,5,4,7,8,4,9,6,7,2,3,7,6,8,7,7,5,5,1,Blue,7,5,14
Mohamed Hisham ,Male,Electro Mechanical,Student,21,2,1,3,1,4,7,7,6,5,5,5,8,6,6,10,5,7,8,4,4,5,6,4,10,Green,10,19,7
Ganna Amr,Female,Business,Senior Student,21,3,2,4,1,4,7,7,8,8,7,9,10,8,8,10,6,5,7,9,7,6,8,8,8,Orange,7,10,6
Karim Amr,Male,CS,Senior Student,22,4,3,2,2,1,8,4,5,9,9,3,9,4,2,9,5,7,9,9,10,10,10,6,8,Gold,15,16,17
Yehia Sameh,Male,CS,Student,19,4,2,3,5,5,5,3,4,4,7,7,8,5,8,7,6,4,8,6,7,6,8,,,Green,7,9,13
Eman hany,Female,Interpretatiin and written Translation,Senior Student,21,5,4,3,5,2,3,3,2,4,2,6,6,4,4,6,5,3,7,7,4,5,7,3,7,Green,13,14,17
Mostafa Mohamed,Male,Computer Engineering,Senior Student,22,5,4,3,2,3,9,8,7,7,10,8,10,8,8,10,10,6,10,9,9,8,10,8,10,Green,5,7,10
Sherif Khaled,Male,Mechatronics Engineering,Senior Student,21,4,3,4,4,4,7,6,5,7,7,8,8,7,7.5,8.5,7.8,6,7.7,7,7,8,9,6,8.5,Gold,17,10,19
Omaima Ahmed,Female,CS,Senior Student,23,5,4,3,3,3,9,8.5,7,6,9,8,9,6,5,9,8,6,8,5,7,7,9,6,7,Green,1,5,7
Mohamed Elbaz,Male,CS,Senior Student,21,3,1,3,1,3,4,4,3,5,5,2,7,1,2,8,3,2,7,5,6,5,8,4,4,Green,10,17,7
Amr Desouky ,Male,CS,Software Engineer,37,5,5,5,3,3,8,7,7,6,8,2,2,2,2,6,9,4,6,6,6,9,8,4,2,Blue,11,16,1
Farah Medhat,Female,CS,Senior Student,21,3,2,3,2,2,5,4,3,5,5,3,5,4,2,7,4,3,7,5,6,6,7,4,3,Orange,10,13,17
Menna Singergy,Female,CS,Student,20,5,4,4,3,3,8.5,9,9,4,8,6,7,4,7,9,6,3,9,4,4,10,10,4,3,Blue,16,17,2
Hanan Saad,Female,Archaeology,Art Teacher,46,3,4,5,4,5,8,8,8,7,8,9,9,9,9,8,9,9,8,8,8,9,7,8,9,Blue,6,7,8
Mariam Mostafa,Female,Art Drama and Theatre Criticism,Senior Student,22,5,5,4,3,3,4,6,4,10,4,2,3,4,5,10,3,5,7,10,6,9,2,10,1,Gold,4,10,14
Mohamed Mazen,Male,CS,Senior Student,21,3,2.5,4,3.5,2,7,6.5,7,8,6,3,4.5,2,6,9,7,8.5,9.5,6,6.5,7,9.5,5,4,Green,13,17,10
Sohila elhassan,Female,Business,Senior Student,22,4,3,4,1,2,8,7,7,8,8,5,7,3,3,4,8,7,8,7,8,8,9,7,7,Blue,17,1,4
Abdelrahman Atef,Male,Engineering,Senior Student,21,4,2,4,2,4,6,5,4,7,6,3,5,4,5,10,6,7,9,9,10,3,9,7,6,Blue,10,15,13
Mahmoud Yasser,Male,Engineering,Student,21,4,4,5,3,2,10,10,9,10,9,6,8,7,8,9,10,9,9,8,8,9,10,10,8,Green,1,2,4
Mohamed Osama,Male,CS,Student,20,4,4,2,1,1,6,6,7,4,7,8,8,8,8,8,8.5,6.5,7,9,9,8,9,,,Gold,14,15,17
Nahla Sabry,Female,Art Sociology,Housewife,38,5,5,5,1,5,8,5,9,9,9,9,7,1,1,9,5,5,10,10,10,5,5,9,5,Blue,13,14,15
Mahmoud Ali,Male,Business,Student,19,4,5,2,1,2,5,5,6,6,5,9,9,5,7,10,8,6,10,10,10,5,5,7,5,Blue,10,13,14
Farah Mohamed,Female,Interpretatiin and written Translation,Senior Student,21,5,4,3,5,5,8,9,9.5,8,8,9,9.5,7,7,10,7,8,9.5,8,8.5,7,9.5,7,6,Blue,10,3,7
Mostafa Ali,Male,Engineering,Civil Engineer,24,4,3,4,4,5,8,6,6,8,7,5,4,2,1,10,8,7,8,7.5,6.5,7.5,8,8,9,Gold,10,19,1
Amr Samir,Male,CS,Senior Student,21,4,3,4,1,4,7,8,8,9,5,7,8,7,5,8,7,8,9,7,6,8,9,9,8,Gold,4,13,17
Mohad Samir,Male,MET,Full Stack,23,3,5,2,1,1,4,4,3,5,6,2,6,3,2,7.5,7,7,6,4,3,8,9,5,3,Blue,17,16,10
Jomana Alaa,Female,IGCSE,IG Student,15,5,3,3,2,4,10,10,8,9,9,8,10,7,8,10,9,7,10,8,8,9,10,7,9,Green,1,2,7
Lama Mohsen,Female,Business Information,Senior Student,21,5,3,4,3,4,7,6,6.5,4,8,7,7.5,5,4,8.5,7,6,5,3,3,4,7.5,5,7,Green,10,5,7
Hassan Hatem,Male,CS,Frontend Engineer,24,3,2,4,4,5,7,7,6,6,8,9,9,6,6,10,7,5,10,8,10,10,10,6,7,Green,10,13,15
Jumana Amr,Female,CS,Student ,20,5,5,4,4,4,9,8,10,8,9,6,6,6,6,8,9,7,5,9,9,9,10,,,Orange,3,17,1
Hassan Ali,Male,Engineering,Football player,27,5,5,3,3,1,7,6,6,8,9,9,6,8,8,10,5,4,9,7,8,6,8,7,4,Green,10,5,6
Mariam Fathy,Female,Arts ordu,Senior Student,22,4,5,5,1,3,4,5,4,6,5,8,7,5,6,9,7,8,9,10,10,5,7,8,7,Gold,14,15,10
Kerolose Malak ,Male,CS,Senior Student,21,4,3,3,4,5,9,9,10,7,6,7,9,3,2,10,9,4,10,7,10,6,8,8,7,Gold,3,10,17
Tasneem Mohamed,Female,CS,Senior Student,21,4,5,3,2,1,8,7,7,6,8,9,9,5,3,8,8,7,9,8,8,7,8,6,9,Blue,6,7,13
Hana Amer,Female,Interior Design,Senior Student,21,4,4,4,3,4,8,7,7,8,8,5,7,4,4,9,9,7,6,6,7,8,6,6,3,Green,10,11,1
Sara Hisham,Female,Engineering,Senior Student,21,4,5,3,3,3,5,6,6,4,6,8,10,1,1,10,5,4,6,3,4,6,7,8,6,Blue,7,10,17
Youusef Amr,Male,CS,Student,20,3,2,3,1,3,6,5,5,4,7.5,6,8,7.5,8,9,8,6.5,7.5,7.5,8,8,9,7,8,Orange,10,17,7
